{
    "format_version": "1.8.0",
    "render_controllers": {
        "controller.render.haru.seller": {
            "arrays": {
                "textures": {
                    "Array.skins": ["Texture.default"]
                }
            },
            "geometry": "Geometry.default",
            "part_visibility": [
                {
                    "*": false,
                    "head": true,
                    "hat": true,
                    "nose": true,
                    "body": true,
                    "arms": true,
                    "leg0": true,
                    "leg1": true,
                    "jacket": true
                }
            ],
            "materials": [{ "*": "Material.default" }],
            "textures": ["Array.skins[query.variant]"]
        }
    }
}
