{
	"resource_pack_name": "HARUPhone1",
	"texture_name": "atlas.items",
	"texture_data": {
		"haruphone1": {
			"textures": "textures/additem/items/haruphone1"
		},
		"advance": {
			"textures": "textures/additem/items/advance"
		},
		"coinA": {
			"textures": "textures/additem/items/money/coinA"
		},
		"coinB": {
			"textures": "textures/additem/items/money/coinB"
		},
		"coinC": {
			"textures": "textures/additem/items/money/coinC"
		},
		"coinD": {
			"textures": "textures/additem/items/money/coinD"
		},
		"coinE": {
			"textures": "textures/additem/items/money/coinE"
		},
		"billA": {
			"textures": "textures/additem/items/money/billA"
		},
		"billB": {
			"textures": "textures/additem/items/money/billB"
		},
		"billC": {
			"textures": "textures/additem/items/money/billC"
		}
	}
}