{
    "format_version": "1.16.0",
    "minecraft:entity": {
        "description": {
            "identifier": "haru:seller",
            "is_spawnable": true,
            "is_summonable": true,
            "is_experimental": false
        },
        "components": {
            "minecraft:type_family": {
                "family": ["npc", "mob", "peasant"] 
            },
            "minecraft:breathable": {
                "total_supply": 15,
                "suffocate_time": 0
            },
            "minecraft:collision_box": {
                "width": 0.6,
                "height": 1.9
            },
            "minecraft:health": {
                "value": 20,
                "max": 20
            },
            "minecraft:movement": {
                "value": 0.25
            },
            "minecraft:navigation.walk": {
                "can_path_over_water": true,
                "avoid_water": true
            },
            "minecraft:movement.basic": {},
            "minecraft:jump.static": {},
            "minecraft:physics": {},
            "minecraft:pushable": {
                "is_pushable": true,
                "is_pushable_by_piston": true
            },
            "minecraft:nameable": {},

            "minecraft:interact": {
                "interactions": [
                    {
                        "on_interact": {
                            "event": "minecraft:trade",
                            "target": "self"
                        },
                        "interact_text": "action.interact.trade"
                    }
                ]
            },
            "minecraft:behavior.float": {
                "priority": 0
            },
            
            "minecraft:behavior.trade_with_player": {
                "priority": 2
            },

            "minecraft:behavior.look_at_player": {
                "priority": 3,
                "look_distance": 6.0,
                "probability": 0.02
            },
            
            "minecraft:behavior.look_at_trading_player": {
                "priority": 4
            },
            "minecraft:behavior.random_stroll": {
                "priority": 5,
                "speed_multiplier": 1.0
            }
        }
    }
}