{
	"resource_pack_name": "HARUPhone1",
	"texture_name": "atlas.items",
	"texture_data": {
		"haruphone1": {
			"textures": "textures/items/haruphone1"
		},
		"advance": {
			"textures": "textures/items/advance"
		},
		"coina": {
			"textures": "textures/items/money/coinA"
		},
		"coinb": {
			"textures": "textures/items/money/coinB"
		},
		"coinc": {
			"textures": "textures/items/money/coinC"
		},
		"coind": {
			"textures": "textures/items/money/coinD"
		},
		"coine": {
			"textures": "textures/items/money/coinE"
		},
		"billa": {
			"textures": "textures/items/money/billA"
		},
		"billb": {
			"textures": "textures/items/money/billB"
		},
		"billc": {
			"textures": "textures/items/money/billC"
		},
		"post": {
			"textures": "textures/items/post"
		}
	}
}