{
    "format_version": "1.20.30",
    "minecraft:item": {
        "description": {
            "identifier": "additem:securecraft",
            "menu_category": {
                "category": "none"
            }
        },
        "components": {
            "minecraft:icon": {
                "texture": "stick"
            },
            "minecraft:display_name": {
                "value": "§aSecureCraft§r-§bCore"
            },
            "minecraft:max_stack_size": 64
        }
    }
}
