{
	"format_version": "1.21.20",
	"minecraft:block": {
		"description": {
			"identifier": "addblock:register",
			"menu_category": {
				"category": "construction"
			}
		},
		"components": {
			"minecraft:collision_box": true,
			"minecraft:selection_box": true,
			"minecraft:destructible_by_mining": {
				"seconds_to_destroy": 1
			},
			"minecraft:destructible_by_explosion": {
				"explosion_resistance": 200
			},
			"minecraft:geometry": "geometry.register",
			"minecraft:material_instances": {
				"*": {
					"texture": "register",
					"render_method": "alpha_test"
				}
			},
			"minecraft:map_color": "#ffffff"
		}
	}
}