{
    "format_version": "1.8.0",
    "minecraft:spawn_rules": {
        "description": {
            "identifier": "haru:seller",
            "population_control": "animal"
        },
        "conditions": [
            {
                "minecraft:spawns_on_surface": {},
                "minecraft:brightness_filter": {
                    "min": 7,
                    "max": 15,
                    "adjust_for_weather": false
                },
                "minecraft:weight": {
                    "default": 20
                },
                "minecraft:herd": {
                    "min_size": 1,
                    "max_size": 1
                },
                "minecraft:biome_filter": {
                    "test": "has_biome_tag",
                    "operator": "==",
                    "value": "overworld"
                }
            }
        ]
    }
}
