{
    "format_version": "1.10.0",
    "minecraft:client_entity": {
        "description": {
            "identifier": "haru:seller",
            "min_engine_version": "1.8.0",
            "materials": {
                "default": "npc"
            },
            "textures": {
                "default": "textures/entity/npc/npc_Kiosk_3"
            },
            "geometry": {
                "default": "geometry.npc"
            },
            "spawn_egg": {
                "base_color": "#191970",
                "overlay_color": "#1e90ff"
            },
            "scripts": {
                "animate": [
                    "general",
                    { "move": "query.modified_move_speed" },
                    "look_at_target",
                    { "baby_transform": "query.is_baby" }
                ]
            },
            "animations": {
                "general": "animation.npc.general",
                "look_at_target": "animation.common.look_at_target",
                "move": "animation.npc.move",
                "baby_transform": "animation.npc.baby_transform"
            },
            "render_controllers": [
                "controller.render.haru.seller" 
            ],
            "enable_attachables": true
        }
    }
}